TRƯỜNG ĐẠI HỌC Y TẾ CÔNG CỘNG,,,,,,,,,,,
LỊCH GIẢNG ĐƯỜNG,,,,,,,,,,,
Tuần thứ: 34 (01/04/2024 đến ngày 07/04/2024),,,,,,,,,,,
04/01/2024,,04/07/2024,LỊCH GIẢNG ĐƯỜNG dự kiến từ ngày 01/04/2024 đến ngày 07/04/2024,,,139,,,,,
,,04/01/2024,04/02/2024,04/03/2024,04/04/2024,04/05/2024,04/06/2024,04/07/2024,,,
,,Thứ 2,Thứ 3,Thứ 4,Thứ 5,Thứ 6,Thứ 7,Chủ nhật,,,
Giảng đường,Buổi,"Thứ 2
01/04/2024","Thứ 3
02/04/2024","Thứ 4
03/04/2024","Thứ 5
04/04/2024","Thứ 6
05/04/2024","Thứ 7
06/04/2024","Chủ nhật
07/04/2024",,,
HUPH HỘI TRƯỜNG C107 - 500 chỗ,Sáng,,,,,,,,,,
,Chiều,,,,,,,,,,
,Tối,,,,,,,,,,
"HUPH
D101
Phòng thực hành Dinh dưỡng",Sáng,,,,,,,,,,
,Chiều,,,,,,,,,,
,Tối,,,,,,,,,,
HUPHC102 - 80,Sáng,,"Thời gian:8h - 12h10
 Học phần: Sơ cấp cứu thông thường tại cộng đồng
 Lớp tín chỉ: CNCQYTCC21-1A1 -(60 sv)_700103403_2_2023-2024 1_LOP A
 Giảng viên: Trần Văn Dũng
 Sĩ số: 41",,"Thời gian:8h - 12h10
 Học phần: Sơ cấp cứu thông thường tại cộng đồng
 Lớp tín chỉ: CNCQYTCC21-1A1 -(60 sv)_700103403_2_2023-2024 1_LOP C
 Giảng viên: Trần Văn Dũng
 Sĩ số: 27",,,"Thời gian: 9h00
Thi: Triết học Mác - Lênin
Lớp: CNVLVHKTPHCN1-1B
Giảng viên: TTĐBCL&KT
Sĩ số:",,,
,Chiều,"Thời gian:13h00 - 16h20
 Học phần: Tiếng Anh 6 (chuyên ngành)
 Lớp tín chỉ: CNCQKTXNYH8-1A1 -(17 sv)_700512502_2_2023-2024 1_LopB
 Giảng viên: Hoàng Thùy Dương
 Sĩ số: 41","Thời gian:13h00 - 16h20
 Học phần: Tiếng Anh 4
 Lớp tín chỉ: CNCQYTCC21-1A1 -(60 sv)_700102002_2_2023-2024 1_LOP D
 Giảng viên: Tô Lan Phương
 Sĩ số: 20","Thời gian:13h00 - 16h20
 Học phần: Tiếng Anh 4
 Lớp tín chỉ: CNCQKTPHCN3-1A1 -(0 sv)_700711502_2_2023-2024 1 (Lớp 3)
 Giảng viên: Tô Lan Phương
 Sĩ số: 36","Thời gian:13h00 - 17h10
 Học phần: Sức khoẻ sinh sản
 Lớp tín chỉ: CNCQYTCC21-1A1 -(60 sv)_700101902_2_2023-2024 1
 Giảng viên: Nguyễn Thị Thanh Mai
 Sĩ số: 65",,,,,,
,Tối,,,,,,,,,,
HUPH  C103 - 96,Sáng,"Thời gian: 8h00
Kiểm tra học phần GDTC","Thời gian: 8h00
Kiểm tra học phần GDTC","Thời gian: 8h00
Kiểm tra học phần GDTC",,"Thời gian: 8h00
Kiểm tra học phần GDTC",,"Thời gian: 9h00
Thi: Triết học Mác - Lênin
Lớp: CNVLVHKTPHCN1-1B
Giảng viên: TTĐBCL&KT
Sĩ số:",,,
,Chiều,,,,"Thời gian: 14h00
Thi: Lập kế hoạch y tế
Lớp: CNCQDD6-1A
Giảng viên: TTĐBCL&KT
Sĩ số:","Thời gian: 14h00
Thi: Tổ chức, quản lý các đơn vị dinh dưỡng trong bệnh viện
Lớp: CNCQDD5-1A
Giảng viên: TTĐBCL&KT
Sĩ số:",,,,,
,Tối,,,,,,,,,,
HUPHC110 - 160,Sáng,"Thời gian:8h - 11h20
 Học phần: Kinh tế và tài chính y tế
 Lớp tín chỉ: CNCQYTCC20-1A1 -(60 sv)_700111102_2_2023-2024 1
 Giảng viên: Nguyễn Thu Hà
 Sĩ số: 148",,"Thời gian:8h - 11h20
 Học phần: Tiếng Anh 6 (chuyên ngành)
 Lớp tín chỉ: CNCQYTCC20-1A1 -(60 sv)_700114502_2_2023-2024 1_LOP B
 Giảng viên: Tô Lan Phương
 Sĩ số: 35","Thời gian:8h - 12h10
 Học phần: Kinh tế và tài chính y tế
 Lớp tín chỉ: CNCQYTCC20-1A1 -(60 sv)_700111102_2_2023-2024 1
 Giảng viên: Nguyễn Thu Hà
 Sĩ số: 148","Thời gian:8h - 11h20
 Học phần: Kinh tế và tài chính y tế
 Lớp tín chỉ: CNCQYTCC20-1A1 -(60 sv)_700111102_2_2023-2024 1
 Giảng viên: Nguyễn Thu Hà
 Sĩ số: 148",,"Thời gian:8h - 12h10
 Học phần: Triết học Mác - Lênin
 Lớp tín chỉ: CNVLVHKTXNYH6-1B _700103003_2_2023-2024 1 (CNVLVHDD3)
 Giảng viên: Trần Thị Lan Hương
 Sĩ số: 111",,,
,Chiều,"Thời gian:13h00 - 17h10
 Học phần: Chủ nghĩa xã hội khoa học
 Lớp tín chỉ: CNCQYTCC21-1A1 -(60 sv)_700103202_2_2023-2024 1
 Giảng viên: Nguyễn Thị Kim Dung
 Sĩ số: 127","Thời gian:13h00 - 16h20
 Học phần: Quản lý dịch vụ y tế
 Lớp tín chỉ: CNCQYTCC20-1A1 -(60 sv)_700111202_2_2023-2024 1
 Giảng viên: Chu Huyền Xiêm
 Sĩ số: 148",,"Thời gian:13h00 - 16h20
 Học phần: Quản lý dịch vụ y tế
 Lớp tín chỉ: CNCQYTCC20-1A1 -(60 sv)_700111202_2_2023-2024 1
 Giảng viên: Chu Huyền Xiêm
 Sĩ số: 148","Thời gian:13h00 - 17h10
 Học phần: Sức khoẻ sinh sản
 Lớp tín chỉ: CNCQYTCC21-1A1 -(60 sv)_700101902_2_2023-2024 1
 Giảng viên: Dương Minh Đức
 Sĩ số: 128",,"Thời gian:13h00 - 17h10
 Học phần: Triết học Mác - Lênin
 Lớp tín chỉ: CNVLVHKTXNYH6-1B _700103003_2_2023-2024 1 (CNVLVHDD3)
 Giảng viên: Trần Thị Lan Hương
 Sĩ số: 111",,,
,Tối,,,,,,,"Thời gian:17h30 - 21h40
 Học phần: Triết học Mác - Lênin
 Lớp tín chỉ: CNVLVHKTXNYH6-1B _700103003_2_2023-2024 1 (CNVLVHDD3)
 Giảng viên: Trần Thị Lan Hương
 Sĩ số: 111",,,
"C111
Phòng thực hành Điều dưỡng",Sáng,,,,,,,,,,
,Chiều,,,,,,,"Thời gian: 14h00
Thi: Điều dưỡng cơ bản - Cấp cứu ban đầu
Lớp: CNVLVHKTPHCN1-1B
Giảng viên: TTĐBCL&KT
Sĩ số:",,,
,Tối,,,,,,,,,,
"HUPH
 C112 - 24",Sáng,,"Thời gian:8h - 11h20
 Học phần: Công tác xã hội trong bệnh viện
 Lớp tín chỉ: CNCQCTXH5-1A -(60 sv)_700412503_2_2023-2024 1
 Giảng viên: Phạm Tiến Nam
 Sĩ số: 19","Thời gian:8h - 11h20
 Học phần: Tham vấn tâm lý Lớp tín chỉ: CNCQCTXH5-1A -(60 sv)_700412203_2_2023-2024 1
 Giảng viên: Nguyễn Thị Phương
 Sĩ số: 19",,"Thời gian:8h - 12h10
 Học phần: Sơ cấp cứu thông thường tại cộng đồng
 Lớp tín chỉ: CNCQYTCC21-1A1 -(60 sv)_700103403_2_2023-2024 1_LOP D
 Giảng viên: Trần Văn Dũng
 Sĩ số: 15","Thời gian:8h - 12h10
 Học phần: Đánh giá công nghệ y tế cơ bản
 Lớp tín chỉ: ThSYTCC27-1B -(60 sv)_800104304_2_2023-2024_HK2
 Giảng viên: Nguyễn Quỳnh Anh
 Sĩ số: 10",,,,
,Chiều,"Thời gian:13h00 - 16h20
 Học phần: Công tác xã hội trong chăm sóc giảm nhẹ với người bệnh ung thư
 Lớp tín chỉ: CNCQCTXH5-1A -(60 sv)_700414702_2_2023-2024 1
 Giảng viên: Phạm Tiến Nam
 Sĩ số: 19",,"Thời gian:13h00 - 16h20
 Học phần: Công tác xã hội với người nghiện ma túy, mại dâm, HIV/AIDS
 Lớp tín chỉ: CNCQCTXH5-1A -(60 sv)_700413002_2_2023-2024 1
 Giảng viên: Phạm Tiến Nam
 Sĩ số: 19",,,"Thời gian:13h00 - 17h10
 Học phần: Đánh giá công nghệ y tế cơ bản
 Lớp tín chỉ: ThSYTCC27-1B -(60 sv)_800104304_2_2023-2024_HK2
 Giảng viên: Nguyễn Quỳnh Anh
 Sĩ số: 10",,,,
,Tối,,,,,,"Thời gian:17h30 - 21h40
 Học phần: Đánh giá công nghệ y tế cơ bản
 Lớp tín chỉ: ThSYTCC27-1B -(60 sv)_800104304_2_2023-2024_HK2
 Giảng viên: Nguyễn Quỳnh Anh
 Sĩ số: 10",,,,
"HUPH
 C201 - 24",Sáng,,,"Thời gian:8h - 12h10
 Học phần: Thông tin môi trường
 Lớp tín chỉ: CNCQCNKTMT1-1A -(0 sv)_700614903_2_2023-2024 (CNKTMT2+3 học cùng)
 Giảng viên: Đỗ Thị Hiền
 Sĩ số: 24","Thời gian:8h - 12h10
 Học phần: Tính toán thiết kế các công trình xử lý trong CNMT + Đồ án
 Lớp tín chỉ: CNCQCNKTMT3-1A -(60 sv)__2_2023-2024 1
 Giảng viên: Phạm Khánh Huy
 Sĩ số: 11",,"Thời gian:8h - 12h10
 Học phần: Hệ thống thông tin quản lý sức khỏe
 Lớp tín chỉ: ThSYTCC27-1B -(60 sv)_800101903_2_2023-2024 _HK2
 Giảng viên: Phạm Quốc Thành
 Sĩ số: 19",,,,
,Chiều,,,,,"Thời gian:13h00 - 17h10
 Học phần: Tính toán thiết kế các công trình xử lý trong CNMT + Đồ án
 Lớp tín chỉ: CNCQCNKTMT3-1A -(60 sv)__2_2023-2024 1
 Giảng viên: Nguyễn Mai Hoa
 Sĩ số: 11",,,,,
,Tối,,,,,,,,,,
HUPHC202 - 72,Sáng,,,"Thời gian:8h - 11h20
 Học phần: Tiếng Anh 6 (chuyên ngành)
 Lớp tín chỉ: CNCQYTCC20-1A1 -(60 sv)_700114502_2_2023-2024 1_LOP C
 Giảng viên: Nguyễn Bá Học
 Sĩ số: 34","Thời gian:8h - 12h10
 Học phần: Tiếng Anh 4
 Lớp tín chỉ: CNCQDD6-1A1 -(60 sv)_700102002_2_2023-2024 1 (Lớp B)
 Giảng viên: Nguyễn Tuyết Mai
 Sĩ số: 34",,,,,,
,Chiều,"Thời gian:13h00 - 16h20
 Học phần: Tiếng Anh 6 (chuyên ngành)
 Lớp tín chỉ: CNCQKTXNYH8-1A1 -(17 sv)_700512502_2_2023-2024 1_LopD
 Giảng viên: Phan Thị Thuận Yến
 Sĩ số: 37","Thời gian:13h00 - 16h20
 Học phần: Tiếng Anh 4
 Lớp tín chỉ: CNCQYTCC21-1A1 -(60 sv)_700102002_2_2023-2024 1_LOP A
 Giảng viên: Nguyễn Tuyết Mai
 Sĩ số: 40","Thời gian:13h00 - 16h20
 Học phần: Tiếng Anh 4
 Lớp tín chỉ: CNCQKTPHCN3-1A1 -(0 sv)_700711502_2_2023-2024 1 (Lớp 2)
 Giảng viên: Đỗ Thị Thu Trang
 Sĩ số: 39","Thời gian:13h00 - 17h10
 Học phần: Tiếng Anh 6 (chuyên ngành)
 Lớp tín chỉ: CNCQDD5-1A1 -(0 sv)_700312302_2_2023-2024 1 (Lớp A)
 Giảng viên: Phan Thị Thuận Yến
 Sĩ số: 30",,,,,,
,Tối,,,,,,,,,,
HUPHC203 - 104,Sáng,,,"Thời gian:8h - 12h10
 Học phần: Tư tưởng Hồ Chí Minh
 Lớp tín chỉ: CNCQKTPHCN2-1A1 -(26 sv)_700101502_2_2023-2024 1
 Giảng viên: Trần Thị Phúc An
 Sĩ số: 89",,,,,,,
,Chiều,,,,"Thời gian: 14h00
Thi: Lập kế hoạch y tế
Lớp: CNCQDD6-1A
Giảng viên: TTĐBCL&KT
Sĩ số:","Thời gian: 14h00
Thi: Tổ chức, quản lý các đơn vị dinh dưỡng trong bệnh viện
Lớp: CNCQDD5-1A
Giảng viên: TTĐBCL&KT
Sĩ số:",,,,,
,Tối,,,,,,,,,,
HUPHC204 - 64,Sáng,"Thời gian:8h - 11h20
 Học phần: Tiếng Anh 4
 Lớp tín chỉ: CNCQKHDL1-1A -(30 sv)_700812102_2_2023-2024 1
 Giảng viên: Hoàng Thùy Dương
 Sĩ số: 28","Thời gian:8h - 11h20
 Học phần: Tiếng Anh 6
 Lớp tín chỉ: CNCQKTPHCN2-1A1 -(26 sv)_700712902_2_2023-2024 1 (Lớp 1)
 Giảng viên: Hoàng Thùy Dương
 Sĩ số: 45","Thời gian:8h - 11h20
 Học phần: Tiếng Anh 6 (chuyên ngành)
 Lớp tín chỉ: CNCQYTCC20-1A1 -(60 sv)_700114502_2_2023-2024 1_LOP D
 Giảng viên: Phan Thị Thuận Yến
 Sĩ số: 48","Thời gian:8h - 12h10
 Học phần: Tiếng Anh 4
 Lớp tín chỉ: CNCQDD6-1A1 -(60 sv)_700102002_2_2023-2024 1 (Lớp A)
 Giảng viên: Phan Thị Thuận Yến
 Sĩ số: 23",,"Thời gian:8h - 12h10
 Học phần: Tư tưởng Hồ Chí Minh
 Lớp tín chỉ: CNVLVHYTCC18-1B1 -(60 sv)_700101502_2_2023-2024 1
 Giảng viên: Trần Thị Phúc An
 Sĩ số: 48",,,,
,Chiều,"Thời gian:13h00 - 16h20
 Học phần: Tiếng Anh 6 (chuyên ngành)
 Lớp tín chỉ: CNCQKTXNYH8-1A1 -(17 sv)_700512502_2_2023-2024 1_LopC
 Giảng viên: Nguyễn Bá Học
 Sĩ số: 41","Thời gian:13h00 - 16h20
 Học phần: Tiếng Anh 4
 Lớp tín chỉ: CNCQYTCC21-1A1 -(60 sv)_700102002_2_2023-2024 1_LOP B
 Giảng viên: Đỗ Thị Thu Trang
 Sĩ số: 26","Thời gian:13h00 - 16h20
 Học phần: Tiếng Anh 4
 Lớp tín chỉ: CNCQKTPHCN3-1A1 -(0 sv)_700711502_2_2023-2024 1 (Lớp 1)
 Giảng viên: Hoàng Thùy Dương
 Sĩ số: 43","Thời gian:13h00 - 17h10
 Học phần: Tiếng Anh 6 (chuyên ngành)
 Lớp tín chỉ: CNCQDD5-1A1 -(0 sv)_700312302_2_2023-2024 1 (Lớp B)
 Giảng viên: Nguyễn Tuyết Mai
 Sĩ số: 27",,"Thời gian:13h00 - 17h10
 Học phần: Tư tưởng Hồ Chí Minh
 Lớp tín chỉ: CNVLVHYTCC18-1B1 -(60 sv)_700101502_2_2023-2024 1
 Giảng viên: Trần Thị Phúc An
 Sĩ số: 48",,,,
,Tối,,,,,,"Thời gian:17h30 - 21h40
 Học phần: Tư tưởng Hồ Chí Minh
 Lớp tín chỉ: CNVLVHYTCC18-1B1 -(60 sv)_700101502_2_2023-2024 1
 Giảng viên: Trần Thị Phúc An
 Sĩ số: 48",,,,
HUPHC205 - 64,Sáng,,"Thời gian:8h - 11h20
 Học phần: Tiếng Anh 6
 Lớp tín chỉ: CNCQKTPHCN2-1A1 -(26 sv)_700712902_2_2023-2024 1 (Lớp 2)
 Giảng viên: Nguyễn Tuyết Mai
 Sĩ số: 44","Thời gian:8h - 11h20
 Học phần: Tiếng Anh 6 (chuyên ngành)
 Lớp tín chỉ: CNCQYTCC20-1A1 -(60 sv)_700114502_2_2023-2024 1_LOP A
 Giảng viên: Nguyễn Tuyết Mai
 Sĩ số: 37","Thời gian:8h - 12h10
 Học phần: Tiếng Anh 4
 Lớp tín chỉ: CNCQDD6-1A1 -(60 sv)_700102002_2_2023-2024 1 (Lớp C)
 Giảng viên: Hoàng Thùy Dương
 Sĩ số: 34","Thời gian:8h - 12h10
 Học phần: Tiếng Anh 4
 Lớp tín chỉ: CNCQCTXH6-1A -(0 sv)_700102002_2_2023-2024 1 (CNKTMT3 học cùng)
 Giảng viên: Đỗ Thị Thu Trang
 Sĩ số: 38",,,,,
,Chiều,"Thời gian:13h00 - 16h20
 Học phần: Tiếng Anh 6 (chuyên ngành)
 Lớp tín chỉ: CNCQKTXNYH8-1A1 -(17 sv)_700512502_2_2023-2024 1_LopA
 Giảng viên: Tô Lan Phương
 Sĩ số: 43","Thời gian:13h00 - 16h20
 Học phần: Tiếng Anh 4
 Lớp tín chỉ: CNCQYTCC21-1A1 -(60 sv)_700102002_2_2023-2024 1_LOP C
 Giảng viên: Phan Thị Thuận Yến
 Sĩ số: 31",,"Thời gian:13h00 - 17h10
 Học phần: Tiếng Anh 6 (chuyên ngành)
 Lớp tín chỉ: CNCQDD5-1A1 -(0 sv)_700312302_2_2023-2024 1 (Lớp C)
 Giảng viên: Hoàng Thùy Dương
 Sĩ số: 30","Thời gian:13h00 - 17h10
 Học phần: Tiếng Anh 6 (chuyên ngành)
 Lớp tín chỉ: CNCQCTXH5-1A -(60 sv)_700413302_2_2023-2024 1
 Giảng viên: Đỗ Thị Thu Trang
 Sĩ số: 19",,,,,
,Tối,,,,,,,,,,
HUPHC206 -120,Sáng,,,,,,,,,,
,Chiều,,,"Thời gian:13h00 - 17h10
 Học phần: Chủ nghĩa xã hội khoa học
 Lớp tín chỉ: CNCQDD6-1A1 -(60 sv)_700103202_2_2023-2024 1
 Giảng viên: Nguyễn Thị Kim Dung
 Sĩ số: 93","Thời gian: 14h00
Thi: Lập kế hoạch y tế
Lớp: CNCQDD6-1A
Giảng viên: TTĐBCL&KT
Sĩ số:",,,,,,
,Tối,,,,,,,,,,
HUPHC208 - 160,Sáng,,,,,,,,,,
,Chiều,,"Thời gian:13h00 - 17h10
 Học phần: Chủ nghĩa xã hội khoa học
 Lớp tín chỉ: CNCQKTPHCN3-1A1 -(0 sv)_700103202_2_2023-2024 1
 Giảng viên: Đỗ Thị Vân Hà
 Sĩ số: 121","Thời gian:13h00 - 17h10
 Học phần: Sức khỏe môi trường cơ bản
 Lớp tín chỉ: CNCQYTCC21-1A1 -(60 sv)_700102303_2_2023-2024 1
 Giảng viên: Phan Thị Thu Trang
 Sĩ số: 128","Thời gian:13h00 - 17h10
 Học phần: Sức khoẻ sinh sản
 Lớp tín chỉ: CNCQYTCC21-1A1 -(60 sv)_700101902_2_2023-2024 1
 Giảng viên: Dương Minh Đức
 Sĩ số: 65",,,,,,
,Tối,,,,,,,,,,
HUPHC210 - 35,Sáng,,,,,,"Thời gian:8h - 12h10
 Học phần: Tổng quan về khuyết tật và phục hồi chức năng
 Lớp tín chỉ: ThSYTCC27-1B -(60 sv)_800105003_2_2023-2024 -HK2
 Giảng viên: Đỗ Đào Vũ
 Sĩ số: 6",,,,
,Chiều,,,,,,"Thời gian:13h00 - 17h10
 Học phần: Tổng quan về khuyết tật và phục hồi chức năng
 Lớp tín chỉ: ThSYTCC27-1B -(60 sv)_800105003_2_2023-2024 -HK2
 Giảng viên: Đỗ Đào Vũ
 Sĩ số: 6",,,,
,Tối,,,,,,"Thời gian:17h30 - 21h40
 Học phần: Tổng quan về khuyết tật và phục hồi chức năng
 Lớp tín chỉ: ThSYTCC27-1B -(60 sv)_800105003_2_2023-2024 -HK2
 Giảng viên: Đỗ Đào Vũ
 Sĩ số: 6",,,,
HUPHC211 - 40,Sáng,,,,,,"Thời gian:8h - 12h10
 Học phần: Thực phẩm chức năng
 Lớp tín chỉ: CNVLVHDD2-1B -(60 sv)_700313302_2_2023-2024 1
 Giảng viên: Đỗ Thị Hạnh Trang
 Sĩ số: 18",,,,
,Chiều,,"Thời gian:13h00 - 17h10
 Học phần: Chủ nghĩa xã hội khoa học
 Lớp tín chỉ: CNCQKHDL1-1A -(30 sv)_700103202_2_2023-2024 1
 Giảng viên: Lê Thị Yến
 Sĩ số: 28",,"Thời gian:13h00 - 17h10
 Học phần: Tối ưu hoá
 Lớp tín chỉ: CNCQKHDL1-1A -(30 sv)_700901402_2_2023-2024 1
 Giảng viên: Hoàng Ngự Huấn
 Sĩ số: 29",,"Thời gian:13h00 - 17h10
 Học phần: Thực phẩm chức năng
 Lớp tín chỉ: CNVLVHDD2-1B -(60 sv)_700313302_2_2023-2024 1
 Giảng viên: Đỗ Thị Hạnh Trang
 Sĩ số: 18",,,,
,Tối,,,,,,"Thời gian:17h30 - 21h40
 Học phần: Thực phẩm chức năng
 Lớp tín chỉ: CNVLVHDD2-1B -(60 sv)_700313302_2_2023-2024 1
 Giảng viên: Đỗ Thị Hạnh Trang
 Sĩ số: 18",,,,
HUPHC401 - 60 máy,Sáng,,,,"Thời gian:9h00
Học phần:Thi Đại cương dinh dưỡng và an toàn thực phẩm
Lớp:CNCQKTXNYH7-1A
Giảng viên: TTĐBCL&KT
Sĩ số:40","Thời gian:9h00
Học phần:Thi Dược lý
Lớp:CNCQKTXNYH7-1A
Giảng viên: TTĐBCL&KT
Sĩ số:40","Thời gian:8h - 12h10
 Học phần: Thống kê y tế
 Lớp tín chỉ: ThSKTXNYH4-1B -(60 sv)_800100403_2_2023-2024 1
Giảng viên: Bùi Thị Tú Quyên
 Sĩ số: 62","Thời gian:8h - 12h10
 Học phần: Thống kê y tế
 Lớp tín chỉ: ThSYTCC27-1B -(60 sv)_800100403_2_2023-2024 _HK2
Giảng viên: Bùi Thị Tú Quyên
 Sĩ số: 47",,,
,Chiều,,"Thời gian: 14h00
Thi: Hóa sinh dinh dưỡng
Lớp: CNCQDD6-1A
Giảng viên: TTĐBCL&KT
Sĩ số:","Thời gian:14h00
Học phần:Thi Quản lý chất lượng PXN
Lớp:CNCQKTXNYH7-1A
Giảng viên: TTĐBCL&KT
Sĩ số:40",,,"Thời gian:13h00 - 17h10
 Học phần: Thống kê y tế
 Lớp tín chỉ: ThSKTXNYH4-1B -(60 sv)_800100403_2_2023-2024 1
Giảng viên: Bùi Thị Tú Quyên
 Sĩ số: 62","Thời gian:13h00 - 17h10
 Học phần: Thống kê y tế
 Lớp tín chỉ: ThSYTCC27-1B -(60 sv)_800100403_2_2023-2024 _HK2
Giảng viên: Bùi Thị Tú Quyên
 Sĩ số: 47",,,
,Tối,,,,,"Thời gian:17h30 - 21h40
 Học phần: Thống kê y tế
 Lớp tín chỉ: ThSYTCC27-1B -(60 sv)_800100403_2_2023-2024 _HK2
Giảng viên: Bùi Thị Tú Quyên
 Sĩ số: 47","Thời gian:17h30 - 21h40
 Học phần: Thống kê y tế
 Lớp tín chỉ: ThSKTXNYH4-1B -(60 sv)_800100403_2_2023-2024 1
Giảng viên: Bùi Thị Tú Quyên
 Sĩ số: 62",,,,
"HUPH C402 - 42
 PHÒNG MÁY",Sáng,,,,"Thời gian:9h00
Học phần:Thi Đại cương dinh dưỡng và an toàn thực phẩm
Lớp:CNCQKTXNYH7-1A
Giảng viên: TTĐBCL&KT
Sĩ số:40","Thời gian:9h00
Học phần:Thi Dược lý
Lớp:CNCQKTXNYH7-1A
Giảng viên: TTĐBCL&KT
Sĩ số:40","Thời gian:8h00
Học phần:Thi Thống kê y tế
Lớp:CNVLVHDD2-1B
Giảng viên: TTĐBCL&KT
Sĩ số:
------------
Thời gian:10h30
Học phần:Thi Sức khoẻ nghề nghiệp cơ bản
Lớp:CNVLVHYTCC18-1B1
Giảng viên: TTĐBCL&KT
Sĩ số:",,,,
,Chiều,,"Thời gian: 14h00
Thi: Hóa sinh dinh dưỡng
Lớp: CNCQDD6-1A
Giảng viên: TTĐBCL&KT
Sĩ số:","Thời gian:14h00
Học phần:Thi Quản lý chất lượng PXN
Lớp:CNCQKTXNYH7-1A
Giảng viên: TTĐBCL&KT
Sĩ số:40",,,"Thời gian:14h00
Học phần:Thi Dược lý (bù)
Lớp:CNCQKTXNYH7-1A
Giảng viên: TTĐBCL&KT
Sĩ số:",,,,
,Tối,,,,,,,,,,
HUPH C403 -54 PHÒNG MÁY,Sáng,,,,"Thời gian:9h00
Học phần:Thi Đại cương dinh dưỡng và an toàn thực phẩm
Lớp:CNCQKTXNYH7-1A
Giảng viên: TTĐBCL&KT
Sĩ số:40","Thời gian:9h00
Học phần:Thi Dược lý
Lớp:CNCQKTXNYH7-1A
Giảng viên: TTĐBCL&KT
Sĩ số:40","Thời gian:10h30
Học phần:Thi Sức khoẻ nghề nghiệp cơ bản
Lớp:CNVLVHYTCC18-1B1
Giảng viên: TTĐBCL&KT
Sĩ số:",,,, 
,Chiều,,"Thời gian: 14h00
Thi: Hóa sinh dinh dưỡng
Lớp: CNCQDD6-1A
Giảng viên: TTĐBCL&KT
Sĩ số:","Thời gian:14h00
Học phần:Thi Quản lý chất lượng PXN
Lớp:CNCQKTXNYH7-1A
Giảng viên: TTĐBCL&KT
Sĩ số:40",,,,,,,
,Tối,,,,,,,,,,
"HUPH
C404 - 40 ",Sáng,,,"Thời gian:8h - 11h20
 Học phần: Bệnh không truyền nhiễm
 Lớp tín chỉ: CNCQCTXH6-1A -(0 sv)_700411303_2_2023-2024 1
 Giảng viên: Vũ Ngọc Trung
 Sĩ số: 29","Thời gian:8h - 12h10
 Học phần: Phương pháp nghiên cứu khoa học
 Lớp tín chỉ: CNCQCTXH6-1A -(0 sv)_700112102_2_2023-2024 1
 Giảng viên: Lưu Xuân Quý
 Sĩ số: 29",,,,,,
,Chiều,,,,"Thời gian:13h00 - 17h10
 Học phần: Chủ nghĩa xã hội khoa học
 Lớp tín chỉ: CNCQCTXH6-1A -(0 sv)_700103202_2_2023-2024 (CNKTMT3 học cùng)
 Giảng viên: Đỗ Thị Vân Hà
 Sĩ số: 40",,,,,,
,Tối,,,,,,,,,,
"HUPH C405 - 50
PHÒNG MÁY",Sáng,,,"Thời gian:8h - 12h10
 Học phần: Hệ quản trị cơ sở dữ liệu SQL
 Lớp tín chỉ: CNCQKHDL1-1A -(30 sv)_700901704_2_2023-2024 1
 Giảng viên: Mai Văn Thủy
 Sĩ số: 29",,,,,,,
,Chiều,"Thời gian:13h00 - 16h20
 Học phần: Tin học ứng dụng trong môi trường
 Lớp tín chỉ: CNCQCNKTMT2-1A -(0 sv)_700612402_2_2023-2024 1 (CNKTMT3 học cùng)
 Giảng viên: Nguyễn Thị Cúc
 Sĩ số: 22","Thời gian:13h00 - 17h10
 Học phần: Tin học ứng dụng trong môi trường
 Lớp tín chỉ: CNCQCNKTMT2-1A -(0 sv)_700612402_2_2023-2024 1 (CNKTMT3 học cùng)
 Giảng viên: Nguyễn Thị Cúc
 Sĩ số: 22","Thời gian:13h00 - 17h10
 Học phần: Tin học ứng dụng trong môi trường
 Lớp tín chỉ: CNCQCNKTMT2-1A -(0 sv)_700612402_2_2023-2024 1 (CNKTMT3 học cùng)
 Giảng viên: Nguyễn Thị Cúc
 Sĩ số: 22",,,,,,,
,Tối,,,,,,,,,,
"HUPH
 C410 - 96",Sáng,,,,"Thời gian:8h - 12h10
 Học phần: Lịch sử Đảng Cộng sản Việt Nam
 Lớp tín chỉ: CNCQDD5-1A1 _700103302_2_2023-2024 1
 Giảng viên: Nguyễn Thị Thúy Hà
 Sĩ số: 87",,,,,,
,Chiều,"Thời gian:13h00 - 16h20
 Học phần: Tương tác thực phẩm, dinh dưỡng và thuốc
 Lớp tín chỉ: CNCQDD5-1A1 -(0 sv)_700313602_2_2023-2024 1
 Giảng viên: Lưu Quốc Toản
 Sĩ số: 86",,"Thời gian:13h00 - 16h20
 Học phần: Tương tác thực phẩm, dinh dưỡng và thuốc
 Lớp tín chỉ: CNCQDD5-1A1 -(0 sv)_700313602_2_2023-2024 1
 Giảng viên: Lưu Quốc Toản
 Sĩ số: 86","Thời gian:13h00 - 17h10
 Học phần: Sức khoẻ sinh sản
 Lớp tín chỉ: CNCQYTCC21-1A1 -(60 sv)_700101902_2_2023-2024 1
 Giảng viên: Dương Minh Đức
 Sĩ số: 65",,,,,,
,Tối,,,,,,,,,,
"HUPH C413
Phòng thực hành PHCN",Sáng,"Thời gian:8h - 12h10
 Học phần: Lượng giá chức năng vận động
 Lớp tín chỉ: CNCQKTPHCN3-1A1 -(0 sv)_700711203_2_2023-2024 1 Nhóm TH: 4
 Giảng viên: Nguyễn Thị Hiền Lương
 Giảng viên: Vũ Quang Huy
 Sĩ số: 24","Thời gian:8h - 12h10
 Học phần: Lượng giá chức năng vận động
 Lớp tín chỉ: CNCQKTPHCN3-1A1 -(0 sv)_700711203_2_2023-2024 1 Nhóm TH: 1
 Giảng viên: Nguyễn Thị Hương
 Giảng viên: Hoàng Bích Thủy
 Sĩ số: 25","Thời gian:8h - 12h10
 Học phần: Lượng giá chức năng vận động
 Lớp tín chỉ: CNCQKTPHCN3-1A1 -(0 sv)_700711203_2_2023-2024 1 Nhóm TH: 2
 Giảng viên: Hoàng Bích Thủy
 Giảng viên: Phan Nguyễn Hoàng Mai
 Sĩ số: 24","Thời gian:8h - 12h10
 Học phần: Chẩn đoán hình ảnh
 Lớp tín chỉ: CNCQKTPHCN2-1A1 -(26 sv)_700712602_2_2023-2024 1 Nhóm TH: 1
 Giảng viên: Nguyễn Đình Minh
 Giảng viên: Nguyễn Thị Hiền Lương
 Sĩ số: 22",,"Thời gian:8h - 12h10
 Học phần: Chẩn đoán hình ảnh
 Lớp tín chỉ: CNCQKTPHCN2-1A1 -(26 sv)_700712602_2_2023-2024 1 Nhóm TH: 3
 Giảng viên: Nguyễn Đình Minh
 Giảng viên: Nguyễn Thị Hương
 Sĩ số: 22",,,,
,Chiều,"Thời gian:13h00 - 17h10
 Học phần: Lượng giá chức năng vận động
 Lớp tín chỉ: CNCQKTPHCN3-1A1 -(0 sv)_700711203_2_2023-2024 1 Nhóm TH: 5
 Giảng viên: Nguyễn Thị Hương
 Giảng viên: Hoàng Bích Thủy
 Sĩ số: 23",,,"Thời gian:13h00 - 17h10
 Học phần: Lượng giá chức năng vận động
 Lớp tín chỉ: CNCQKTPHCN3-1A1 -(0 sv)_700711203_2_2023-2024 1 Nhóm TH: 4
 Giảng viên: Nguyễn Mai Anh
 Giảng viên: Nguyễn Thị Thùy Chi Sĩ số: 24","Thời gian:13h00 - 17h10
 Học phần: Lượng giá chức năng vận động
 Lớp tín chỉ: CNCQKTPHCN3-1A1 -(0 sv)_700711203_2_2023-2024 1 Nhóm TH: 1
 Giảng viên: Nguyễn Thị Hương
 Giảng viên: Hoàng Bích Thủy
 Sĩ số: 25","Thời gian:13h00 - 17h10
 Học phần: Chẩn đoán hình ảnh
 Lớp tín chỉ: CNCQKTPHCN2-1A1 -(26 sv)_700712602_2_2023-2024 1 Nhóm TH: 4
 Giảng viên: Nguyễn Đình Minh
 Giảng viên: Phan Nguyễn Hoàng Mai
 Sĩ số: 22",,,,
,Tối,,,,,,,,,,
"HUPH
 C412 - 200",Sáng,,,,,,,,,,
,Chiều,,,,,"Thời gian:13h00 - 17h10
 Học phần: Phương pháp nghiên cứu khoa học
 Lớp tín chỉ: CNCQKTXNYH9-1A1 -(60 sv)_700112102_2_2023-2024 1
 Giảng viên: Trần Thị Đức Hạnh
 Sĩ số: 170",,,,,
,Tối,,,,,,,,,,
HUPH C511_200,Sáng,,,,,,,,,,
,Chiều,,,,,,,,,,
,Tối,,,,,,,,,,
"HUPH C601
Phòng thực hành lớp PHCN",Sáng,,,,,,,,,,
,Chiều,,,,,,,,,,
,Tối,,,,,,,,,,
"HUPH
C602 - 50",Sáng,,,,,,,,,,
,Chiều,,,,,,,,,,
,Tối,,,,,,,,,,
"HUPH C603
Phòng thực hành",Sáng,,,,,,,,,,
,Chiều,,,,,,,,,,
,Tối,,,,,,,,,,
"HUPH C605
Phòng thực hành Giải phẫu - Sinh lý học",Sáng,,,,,,"Thời gian:8h - 12h10
 Học phần: Giải phẫu - Sinh lý học
 Lớp tín chỉ: CNVLVHKTXNYH6-1B -(60 sv)_700100104_2_2023-2024 1 (CNVLVHDD3 dot 2,3) Nhóm TH: 1
 Giảng viên: Đỗ Văn Cường
 Sĩ số: 32",,,,
,Chiều,,,,,,"Thời gian:13h00 - 17h10
 Học phần: Giải phẫu - Sinh lý học
 Lớp tín chỉ: CNVLVHKTXNYH6-1B -(60 sv)_700100104_2_2023-2024 1 (CNVLVHDD3 dot 2,3) Nhóm TH: 1
 Giảng viên: Đỗ Văn Cường
 Sĩ số: 32",,,,
,Tối,,,,,,"Thời gian:17h30 - 21h40
 Học phần: Giải phẫu - Sinh lý học
 Lớp tín chỉ: CNVLVHKTXNYH6-1B -(60 sv)_700100104_2_2023-2024 1 (CNVLVHDD3 dot 2,3) Nhóm TH: 1
 Giảng viên: Đỗ Văn Cường
 Sĩ số: 32",,,,
"HUPH C606
Phòng thực hành Giải phẫu - Sinh lý học",Sáng,,,,,,"Thời gian:8h - 12h10
 Học phần: Giải phẫu - Sinh lý học
 Lớp tín chỉ: CNVLVHKTXNYH6-1B -(60 sv)_700100104_2_2023-2024 1 (CNVLVHDD3 đợt 2,3) Nhóm TH: 2
 Giảng viên: Đặng Văn Hiếu
 Sĩ số: 39",,,,
,Chiều,,,,,,"Thời gian:13h00 - 17h10
 Học phần: Giải phẫu - Sinh lý học
 Lớp tín chỉ: CNVLVHKTXNYH6-1B -(60 sv)_700100104_2_2023-2024 1 (CNVLVHDD3 đợt 2,3) Nhóm TH: 2
 Giảng viên: Đặng Văn Hiếu
 Sĩ số: 39",,,,
,Tối,,,,,,"Thời gian:17h30 - 21h40
 Học phần: Giải phẫu - Sinh lý học
 Lớp tín chỉ: CNVLVHKTXNYH6-1B -(60 sv)_700100104_2_2023-2024 1 (CNVLVHDD3 đợt 2,3) Nhóm TH: 2
 Giảng viên: Đặng Văn Hiếu
 Sĩ số: 39",,,,
"HUPH C612
Phòng thực hành",Sáng,"Thời gian:8h - 12h10
 Học phần: Phương thức điều trị vật lý trị liệu
 Lớp tín chỉ: CNCQKTPHCN3-1A1 -(0 sv)_700711303_2_2023-2024 1 Nhóm TH: 2
 Giảng viên: Nguyễn Mai Anh
 Giảng viên: Nguyễn Thị Thùy Chi Sĩ số: 25","Thời gian:8h - 12h10
 Học phần: Phương thức điều trị vật lý trị liệu
 Lớp tín chỉ: CNCQKTPHCN3-1A1 -(0 sv)_700711303_2_2023-2024 1 Nhóm TH: 4
 Giảng viên: Vũ Quang Huy
 Giảng viên: Nguyễn Mai Anh
 Sĩ số: 24","Thời gian:8h - 12h10
 Học phần: Phương thức điều trị vật lý trị liệu
 Lớp tín chỉ: CNCQKTPHCN3-1A1 -(0 sv)_700711303_2_2023-2024 1 Nhóm TH: 5
 Giảng viên: Nguyễn Mai Anh
 Giảng viên: Nguyễn Thị Hương
Sĩ số: 21","Thời gian:8h - 12h10
 Học phần: Phương thức điều trị vật lý trị liệu
 Lớp tín chỉ: CNCQKTPHCN3-1A1 -(0 sv)_700711303_2_2023-2024 1 Nhóm TH: 1
 Giảng viên: Phan Nguyễn Hoàng Mai
 Giảng viên: Hoàng Bích Thủy
 Sĩ số: 26",,,,,,
,Chiều,"Thời gian:13h00 - 17h10
 Học phần: Phương thức điều trị vật lý trị liệu
 Lớp tín chỉ: CNCQKTPHCN3-1A1 -(0 sv)_700711303_2_2023-2024 1 Nhóm TH: 3
 Giảng viên: Nguyễn Mai Anh
 Giảng viên: Nguyễn Thị Thùy Chi Sĩ số: 24",,,"Thời gian:13h00 - 17h10
 Học phần: Lượng giá chức năng vận động
 Lớp tín chỉ: CNCQKTPHCN3-1A1 -(0 sv)_700711203_2_2023-2024 1 Nhóm TH: 5
 Giảng viên: Nguyễn Thị Hương
 Giảng viên: Hoàng Bích Thủy
 Sĩ số: 23","Thời gian:13h00 - 17h10
 Học phần: Lượng giá chức năng vận động
 Lớp tín chỉ: CNCQKTPHCN3-1A1 -(0 sv)_700711203_2_2023-2024 1 Nhóm TH: 2
 Giảng viên: Nguyễn Thị Hiền Lương
 Giảng viên: Phan Nguyễn Hoàng Mai
 Sĩ số: 24",,,,,
,Tối,,,,,,,,,,
"HUPH C613
Phòng thực hành lớp PHCN",Sáng,"Thời gian:8h - 12h10
 Học phần: Bệnh lý và Vật lý trị liệu hệ da, tiết niệu - sinh dục và nội tiết
 Lớp tín chỉ: CNCQKTPHCN2-1A1 -(26 sv)_700712502_2_2023-2024 1 Nhóm TH: 2
 Giảng viên: Nguyễn Thị Hương
 Giảng viên: Hoàng Bích Thủy
 Sĩ số: 22",,,"Thời gian:8h - 12h10
 Học phần: Bệnh lý và Vật lý trị liệu hệ da, tiết niệu - sinh dục và nội tiết
 Lớp tín chỉ: CNCQKTPHCN2-1A1 -(26 sv)_700712502_2_2023-2024 1 Nhóm TH: 3
 Giảng viên: Nguyễn Thị Hương
 Giảng viên: Vũ Quang Huy
 Sĩ số: 21","Thời gian:8h - 12h10
 Học phần: Bệnh lý và Vật lý trị liệu hệ da, tiết niệu - sinh dục và nội tiết
 Lớp tín chỉ: CNCQKTPHCN2-1A1 -(26 sv)_700712502_2_2023-2024 1 Nhóm TH: 4
 Giảng viên: Vũ Quang Huy
 Giảng viên: Hoàng Bích Thủy
 Sĩ số: 21","Thời gian:8h - 12h10
 Học phần: Lượng giá chức năng vận động
 Lớp tín chỉ: CNVLVHKTPHCN1-1B -(71 sv)_700711203_2_2023-2024 1 Nhóm TH: 1
 Giảng viên: Nguyễn Thị Hiền Lương
 Giảng viên: Hoàng Bích Thủy
 Sĩ số: 34",,,,
,Chiều,,,,"Thời gian:13h00 - 17h10
 Học phần: Chẩn đoán hình ảnh
 Lớp tín chỉ: CNCQKTPHCN2-1A1 -(26 sv)_700712602_2_2023-2024 1 Nhóm TH: 2
 Giảng viên: Nguyễn Đình Minh
 Giảng viên: Phan Nguyễn Hoàng Mai
 Sĩ số: 23",,"Thời gian:13h00 - 17h10
 Học phần: Lượng giá chức năng vận động
 Lớp tín chỉ: CNVLVHKTPHCN1-1B -(71 sv)_700711203_2_2023-2024 1 Nhóm TH: 1
 Giảng viên: Trần Quang Trường
 Giảng viên: Hoàng Bích Thủy
 Sĩ số: 34",,,,
,Tối,,,,,,"Thời gian:17h30 - 21h40
 Học phần: Lượng giá chức năng vận động
 Lớp tín chỉ: CNVLVHKTPHCN1-1B -(71 sv)_700711203_2_2023-2024 1 Nhóm TH: 1
Giảng viên: Trần Quang Trường
 Giảng viên: Hoàng Bích Thủy
 Sĩ số: 34",,,,
"HUPH C614
Phòng thực hành lớp PHCN",Sáng,,,,"Thời gian:8h - 12h10
 Học phần: Lượng giá chức năng vận động
 Lớp tín chỉ: CNCQKTPHCN3-1A1 -(0 sv)_700711203_2_2023-2024 1 Nhóm TH: 3
 Giảng viên: Nguyễn Mai Anh
 Giảng viên: Nguyễn Thị Thùy Chi Sĩ số: 24",,,,,,
,Chiều,"Thời gian:13h00 - 17h10
 Học phần: Bệnh lý và vật lý trị liệu hệ cơ xương
 Lớp tín chỉ: CNCQKTPHCN2-1A1 -(26 sv)_700712404_2_2023-2024 1 Nhóm TH: 1
 Giảng viên: Vũ Quang Huy
 Giảng viên: Lê Thị Thanh Nhàn
 Sĩ số: 22","Thời gian:13h00 - 17h10
 Học phần: Bệnh lý và vật lý trị liệu hệ cơ xương
 Lớp tín chỉ: CNCQKTPHCN2-1A1 -(26 sv)_700712404_2_2023-2024 1 Nhóm TH: 2
 Giảng viên: Vũ Quang Huy
 Giảng viên: Nguyễn Thị Thùy Chi Sĩ số: 23","Thời gian:13h00 - 17h10
 Học phần: Bệnh lý và vật lý trị liệu hệ cơ xương
 Lớp tín chỉ: CNCQKTPHCN2-1A1 -(26 sv)_700712404_2_2023-2024 1 Nhóm TH: 3
 Giảng viên: Vũ Quang Huy
 Giảng viên: Nguyễn Thị Thùy Chi Sĩ số: 22","Thời gian:13h00 - 17h10
 Học phần: Bệnh lý và vật lý trị liệu hệ cơ xương
 Lớp tín chỉ: CNCQKTPHCN2-1A1 -(26 sv)_700712404_2_2023-2024 1 Nhóm TH: 4
 Giảng viên: Vũ Quang Huy
 Giảng viên: Lê Thị Thanh Nhàn
 Sĩ số: 22","Thời gian:13h00 - 17h10
 Học phần: Bệnh lý và vật lý trị liệu hệ cơ xương
 Lớp tín chỉ: CNCQKTPHCN2-1A1 -(26 sv)_700712404_2_2023-2024 1 Nhóm TH: 1
 Giảng viên: Vũ Quang Huy
 Giảng viên: Nguyễn Mai Anh
Sĩ số: 22",,,,,
,Tối,,,,,,,,,,
GDTC_1,Sáng,"Thời gian:8h - 11h20
Học phần: Giáo dục thể chất 2
Lớp tín chỉ: CNCQYTCC21-1A1 -(60 sv)_700101801_2_2023-2024 1_LOP B
Sĩ số: 39
-------------
Thời gian:8h - 11h20
Học phần: Giáo dục thể chất 3
Lớp tín chỉ: CNCQYTCC21-1A1 -(60 sv)_700102201_2_2023-2024 1_LOP C
Sĩ số: 31
----------
Thời gian:8h - 11h20
Học phần: Giáo dục thể chất 3
Lớp tín chỉ: CNCQYTCC21-1A1 -(60 sv)_700102201_2_2023-2024 1_LOP D
Sĩ số: 19
-------------
Thời gian:8h - 11h20
Học phần: Giáo dục thể chất 2
Lớp tín chỉ: CNCQYTCC21-1A1 -(60 sv)_700101801_2_2023-2024 1_LOP A
Sĩ số: 34",,"Thời gian:8h - 11h20
Học phần: Giáo dục thể chất 2
Lớp tín chỉ: CNCQDD6-1A1 -(60 sv)_700101801_2_2023-2024 1 (Lớp B)
Giảng viên: BMGDTC2
Sĩ số: 35
----------
Thời gian:8h - 11h20
Học phần: Giáo dục thể chất 3
Lớp tín chỉ: CNCQDD6-1A1 -(60 sv)_700102201_2_2023-2024 1 (Lớp C)
Giảng viên: BMGDTC5
Sĩ số: 23
----------
Thời gian:8h - 11h20
Học phần: Giáo dục thể chất 2
Lớp tín chỉ: CNCQDD6-1A1 -(60 sv)_700101801_2_2023-2024 1 (Lớp A)
Giảng viên: BMGDTC1
Sĩ số: 35",,"Thời gian:8h - 11h20
Học phần: Giáo dục thể chất 2
Lớp tín chỉ: CNCQKTPHCN3-1A1 -(0 sv)_700101801_2_2023-2024 1 (Lớp A)
Sĩ số: 31
-------------
Thời gian:8h - 11h20
Học phần: Giáo dục thể chất 2
Lớp tín chỉ: CNCQKTPHCN3-1A1 -(0 sv)_700101801_2_2023-2024 1 (Lớp B)
Sĩ số: 31
----------------
Thời gian:8h - 11h20
Học phần: Giáo dục thể chất 3
Lớp tín chỉ: CNCQKTPHCN3-1A1 -(0 sv)_700102201_2_2023-2024 1 (Lớp C)
Sĩ số: 27
--------------
Thời gian:8h - 11h20
Học phần: Giáo dục thể chất 3
Lớp tín chỉ: CNCQKTPHCN3-1A1 -(0 sv)_700102201_2_2023-2024 1 (Lớp D)
Sĩ số: 31",,,,,
,Chiều,,,,,,,,,,
,Tối,,,,,,,,,,
GDTC_2,Sáng,,"Thời gian:8h - 11h20
Học phần: Giáo dục thể chất 2
Lớp tín chỉ: CNCQCTXH6-1A -(0 sv)_700101801_2_2023-2024 1  (CNKTMT2+3 học cùng)
Giảng viên: BMGDTC2
Sĩ số: 39",,,,,,,,
,Chiều,,,,,,,,,,
,Tối,,,,,,,,,,
GDTC_3,Sáng,,"Thời gian:8h - 11h20

Học phần: Giáo dục thể chất 2
Lớp tín chỉ: CNCQKHDL1-1A -(30 sv)_700101801_2_2023-2024 1
Giảng viên: BMGDTC1
Sĩ số: 30",,,,,,,,
,Chiều,,,,,,,,,,
,Tối,,,,,,,,,,
PHÒNG KHÁM,Sáng,,,,,,,,,,
,Chiều,,,,,,,,,,
,Tối,,,,,,,,,,
HUPH B301,Sáng,,,,,,,,,,
,Chiều,,,,,,,,,,
,Tối,,,,,,,,,,
HUPH B401,Sáng,,,,,,,,,,
,Chiều,,,,,,,,,,
,Tối,,,,,,,,,,
HUPH B409,Sáng,"Thời gian:8h - 12h10
 Học phần: Huyết học tế bào
 Lớp tín chỉ: CNCQKTXNYH9-1A1 -(60 sv)_700511104_2_2023-2024 1 Nhóm TH: 1
 Giảng viên: Lưu Thị Chính
 Giảng viên: Nguyễn Hải Quân
 Sĩ số: 23","Thời gian:8h - 12h10
 Học phần: Huyết học tế bào
 Lớp tín chỉ: CNCQKTXNYH9-1A1 -(60 sv)_700511104_2_2023-2024 1 Nhóm TH: 3
 Giảng viên: Phạm Thị Yến Thư
 Giảng viên: Nguyễn Tiến Long
 Sĩ số: 23","Thời gian:8h - 12h10
 Học phần: Huyết học tế bào
 Lớp tín chỉ: CNCQKTXNYH9-1A1 -(60 sv)_700511104_2_2023-2024 1 Nhóm TH: 3
 Giảng viên: Lê Quang Chiêm
 Giảng viên: Nguyễn Hải Quân
 Sĩ số: 23","Thời gian:8h - 12h10
 Học phần: Huyết học tế bào
 Lớp tín chỉ: CNCQKTXNYH9-1A1 -(60 sv)_700511104_2_2023-2024 1 Nhóm TH: 4
 Giảng viên: Đỗ Thị Thanh Xuân
 Giảng viên: Phạm Thị Liên
 Sĩ số: 21","Thời gian:8h - 12h10
 Học phần: Huyết học tế bào
 Lớp tín chỉ: CNCQKTXNYH9-1A1 -(60 sv)_700511104_2_2023-2024 1 Nhóm TH: 2
 Giảng viên: Lưu Thị Chính
 Giảng viên: Nguyễn Hải Quân
 Sĩ số: 21","Thời gian:8h - 12h10
 Học phần: Huyết học đông máu - truyền máu
 Lớp tín chỉ: CNVLVHKTXNYH5-1B1 -(60 sv)_700511704_2_2023-2024 1 Nhóm TH: 1
 Giảng viên: Nguyễn Tiến Long
 Giảng viên: Hoàng Thị Huyền
 Sĩ số: 23","Thời gian:8h - 12h10
 Học phần: Huyết học đông máu - truyền máu
 Lớp tín chỉ: CNVLVHKTXNYH5-1B1 -(60 sv)_700511704_2_2023-2024 1 Nhóm TH: 3
 Giảng viên: Nguyễn Tiến Long
 Giảng viên: Hoàng Thị Huyền
 Sĩ số: 22",,,
,Chiều,"Thời gian:13h00 - 17h10
 Học phần: Huyết học tế bào
 Lớp tín chỉ: CNCQKTXNYH9-1A1 -(60 sv)_700511104_2_2023-2024 1 Nhóm TH: 4
 Giảng viên: Lưu Thị Chính
 Giảng viên: Nguyễn Hải Quân
 Sĩ số: 21","Thời gian:13h00 - 17h10
 Học phần: Huyết học tế bào
 Lớp tín chỉ: CNCQKTXNYH9-1A1 -(60 sv)_700511104_2_2023-2024 1 Nhóm TH: 2
 Giảng viên: Phạm Thị Yến Thư
 Giảng viên: Nguyễn Tiến Long
 Sĩ số: 21","Thời gian:13h00 - 17h10
 Học phần: Huyết học tế bào
 Lớp tín chỉ: CNCQKTXNYH9-1A1 -(60 sv)_700511104_2_2023-2024 1 Nhóm TH: 1
 Giảng viên: Lê Quang Chiêm
 Giảng viên: Nguyễn Hải Quân
 Sĩ số: 23","Thời gian:13h00 - 17h10
 Học phần: Huyết học tế bào
 Lớp tín chỉ: CNCQKTXNYH9-1A1 -(60 sv)_700511104_2_2023-2024 1 Nhóm TH: 8
 Giảng viên: Lưu Thị Chính
 Giảng viên: Phạm Thị Liên
 Sĩ số: 22",,"Thời gian:13h00 - 17h10
 Học phần: Huyết học đông máu - truyền máu
 Lớp tín chỉ: CNVLVHKTXNYH5-1B1 -(60 sv)_700511704_2_2023-2024 1 Nhóm TH: 1
 Giảng viên: Nguyễn Tiến Long
 Giảng viên: Hoàng Thị Huyền
 Sĩ số: 23","Thời gian:13h00 - 17h10
 Học phần: Huyết học đông máu - truyền máu
 Lớp tín chỉ: CNVLVHKTXNYH5-1B1 -(60 sv)_700511704_2_2023-2024 1 Nhóm TH: 3
 Giảng viên: Nguyễn Tiến Long
 Giảng viên: Hoàng Thị Huyền
 Sĩ số: 22",,,
,Tối,,,,,,"Thời gian:17h30 - 21h40
 Học phần: Huyết học đông máu - truyền máu
 Lớp tín chỉ: CNVLVHKTXNYH5-1B1 -(60 sv)_700511704_2_2023-2024 1 Nhóm TH: 1
 Giảng viên: Nguyễn Tiến Long
 Giảng viên: Hoàng Thị Huyền
 Sĩ số: 23","Thời gian:17h30 - 21h40
 Học phần: Huyết học đông máu - truyền máu
 Lớp tín chỉ: CNVLVHKTXNYH5-1B1 -(60 sv)_700511704_2_2023-2024 1 Nhóm TH: 3
 Giảng viên: Nguyễn Tiến Long
 Giảng viên: Hoàng Thị Huyền
 Sĩ số: 22",,,
HUPH B410,Sáng,"Thời gian:8h - 11h20
 Học phần: Vi sinh 4
 Lớp tín chỉ: CNCQKTXNYH8-1A1 -(17 sv)_700512602_2_2023-2024 1 Nhóm TH: 4
 Giảng viên: Nguyễn Thị Thu Hà
 Giảng viên: Bùi Quang Tới
 Sĩ số: 19","Thời gian:8h - 11h20
 Học phần: Vi sinh 4
 Lớp tín chỉ: CNCQKTXNYH8-1A1 -(17 sv)_700512602_2_2023-2024 1 Nhóm TH: 1
 Giảng viên: Nguyễn Thị Thu Hà
 Giảng viên: Nguyễn Cẩm Thu
 Sĩ số: 22","Thời gian:8h - 11h20
 Học phần: Vi sinh 4
 Lớp tín chỉ: CNCQKTXNYH8-1A1 -(17 sv)_700512602_2_2023-2024 1 Nhóm TH: 2
 Giảng viên: Đỗ Thị Tuyết Chinh
 Giảng viên: Nguyễn Thị Thanh Hoa
 Sĩ số: 20","Thời gian:8h - 11h20
 Học phần: Vi sinh 4
 Lớp tín chỉ: CNCQKTXNYH8-1A1 -(17 sv)_700512602_2_2023-2024 1 Nhóm TH: 3
 Giảng viên: Đỗ Thị Tuyết Chinh
 Giảng viên: Nguyễn Thị Tươi Sĩ số: 20","Thời gian:8h - 11h20
 Học phần: Vi sinh 4
 Lớp tín chỉ: CNCQKTXNYH8-1A1 -(17 sv)_700512602_2_2023-2024 1 Nhóm TH: 4
 Giảng viên: Nguyễn Cẩm Thu
 Giảng viên: Lê Thị Huệ
 Sĩ số: 19",,,,,
,Chiều,,,"Thời gian:13h00 - 16h20
 Học phần: Vi sinh 4
 Lớp tín chỉ: CNCQKTXNYH8-1A1 -(17 sv)_700512602_2_2023-2024 1 Nhóm TH: 1
 Giảng viên: Bùi Quang Tới
 Giảng viên: Nguyễn Thị Thanh Hoa
 Sĩ số: 22","Thời gian:13h00 - 16h20
 Học phần: Vi sinh 4
 Lớp tín chỉ: CNCQKTXNYH8-1A1 -(17 sv)_700512602_2_2023-2024 1 Nhóm TH: 2
 Giảng viên: Đỗ Thị Tuyết Chinh
 Giảng viên: Nguyễn Thị Tươi Sĩ số: 20","Thời gian:13h00 - 16h20
 Học phần: Vi sinh 4
 Lớp tín chỉ: CNCQKTXNYH8-1A1 -(17 sv)_700512602_2_2023-2024 1 Nhóm TH: 3
 Giảng viên: Đỗ Thị Tuyết Chinh
 Giảng viên: Lê Thị Huệ
 Sĩ số: 20",,,,,
,Tối,,,,,,,,,,
HUPH B411,Sáng,,,,,,,,,,
,Chiều,,,,,,,,,,
,Tối,,,,,,,,,,
HUPH B413,Sáng,,,,,,,,,,
,Chiều,,,,,,,,,,
,Tối,,,,,,,,,,
HUPH B414,Sáng,,,,,,,,,,
,Chiều,,,,,,,,,,
,Tối,,,,,,,,,,
HUPH B415,Sáng,"Thời gian:8h - 12h10
 Học phần: Huyết học tế bào
 Lớp tín chỉ: CNCQKTXNYH9-1A1 -(60 sv)_700511104_2_2023-2024 1 Nhóm TH: 6
 Giảng viên: Phạm Thị Yến Thư
 Giảng viên: Đặng Thị Tuyết Minh
 Sĩ số: 24","Thời gian:8h - 12h10
 Học phần: Huyết học tế bào
 Lớp tín chỉ: CNCQKTXNYH9-1A1 -(60 sv)_700511104_2_2023-2024 1 Nhóm TH: 8
 Giảng viên: Lưu Thị Chính
 Giảng viên: Nguyễn Hải Quân
 Sĩ số: 22","Thời gian:8h - 12h10
 Học phần: Huyết học tế bào
 Lớp tín chỉ: CNCQKTXNYH9-1A1 -(60 sv)_700511104_2_2023-2024 1 Nhóm TH: 5
 Giảng viên: Phạm Thị Yến Thư
 Giảng viên: Đặng Thị Tuyết Minh
 Sĩ số: 19",,"Thời gian:8h - 12h10
 Học phần: Huyết học tế bào
 Lớp tín chỉ: CNCQKTXNYH9-1A1 -(60 sv)_700511104_2_2023-2024 1 Nhóm TH: 7
 Giảng viên: Phạm Thị Yến Thư
 Giảng viên: Đặng Thị Tuyết Minh
 Sĩ số: 17",,,,,
,Chiều,"Thời gian:13h00 - 17h10
 Học phần: Huyết học tế bào
 Lớp tín chỉ: CNCQKTXNYH9-1A1 -(60 sv)_700511104_2_2023-2024 1 Nhóm TH: 5
 Giảng viên: Phạm Thị Yến Thư
 Giảng viên: Đặng Thị Tuyết Minh
 Sĩ số: 19","Thời gian:13h00 - 17h10
 Học phần: Huyết học tế bào
 Lớp tín chỉ: CNCQKTXNYH9-1A1 -(60 sv)_700511104_2_2023-2024 1 Nhóm TH: 6
 Giảng viên: Lê Quang Chiêm
 Giảng viên: Nguyễn Hải Quân
 Sĩ số: 24","Thời gian:13h00 - 17h10
 Học phần: Huyết học tế bào
 Lớp tín chỉ: CNCQKTXNYH9-1A1 -(60 sv)_700511104_2_2023-2024 1 Nhóm TH: 7
 Giảng viên: Phạm Thị Yến Thư
 Giảng viên: Đặng Thị Tuyết Minh
 Sĩ số: 17",,,,,,,
,Tối,,,,,,,,,,
HUPH B416,Sáng,,,,,,,,,,
,Chiều,,,,,,,,,,
,Tối,,,,,,,,,,
HUPH B504,Sáng,"Thời gian:8h - 11h20
 Học phần: Xét nghiệm tế bào 2
 Lớp tín chỉ: CNCQKTXNYH8-1A1 -(17 sv)_700512702_2_2023-2024 1 Nhóm TH: 7
 Giảng viên: Hoàng Thị Thu An
 Giảng viên: Lê Văn Thu
 Sĩ số: 20","Thời gian:8h - 11h20
 Học phần: Xét nghiệm tế bào 2
 Lớp tín chỉ: CNCQKTXNYH8-1A1 -(17 sv)_700512702_2_2023-2024 1 Nhóm TH: 8
 Giảng viên: Hoàng Thị Thu An
 Giảng viên: Lê Văn Thu
 Sĩ số: 19","Thời gian:8h - 12h10
 Học phần: Xét nghiệm tế bào 2
 Lớp tín chỉ: CNCQKTXNYH8-1A1 -(17 sv)_700512702_2_2023-2024 1 Nhóm TH: 1
 Giảng viên: Hoàng Thị Thu An
 Giảng viên: Lê Văn Thu
 Sĩ số: 22","Thời gian:8h - 11h20
 Học phần: Xét nghiệm tế bào 2
 Lớp tín chỉ: CNCQKTXNYH8-1A1 -(17 sv)_700512702_2_2023-2024 1 Nhóm TH: 2
 Giảng viên: Hoàng Thị Thu An
 Giảng viên: Lê Văn Thu
 Sĩ số: 20","Thời gian:8h - 11h20
 Học phần: Xét nghiệm tế bào 2
 Lớp tín chỉ: CNCQKTXNYH8-1A1 -(17 sv)_700512702_2_2023-2024 1 Nhóm TH: 3
 Giảng viên: Hoàng Thị Thu An
 Giảng viên: Lê Văn Thu
 Sĩ số: 20","Thời gian:8h - 12h10
 Học phần: Xét nghiệm tế bào 2
 Lớp tín chỉ: CNVLVHKTXNYH5-1B1 -(60 sv)_700512702_2_2023-2024 1 Nhóm TH: 3
 Giảng viên: Hoàng Thị Thu An
 Giảng viên: Lê Văn Thu
 Sĩ số: 22","Thời gian:8h - 12h10
 Học phần: Xét nghiệm tế bào 2
 Lớp tín chỉ: CNVLVHKTXNYH5-1B1 -(60 sv)_700512702_2_2023-2024 1 Nhóm TH: 2
 Giảng viên: Ngô Văn Lăng
 Giảng viên: Hoàng Thị Thu An
 Sĩ số: 23",,,
,Chiều,,,"Thời gian:13h00 - 16h20
 Học phần: Xét nghiệm tế bào 2
 Lớp tín chỉ: CNCQKTXNYH8-1A1 -(17 sv)_700512702_2_2023-2024 1 Nhóm TH: 4
 Giảng viên: Hoàng Thị Thu An
 Giảng viên: Lê Văn Thu
 Sĩ số: 19","Thời gian:13h00 - 16h20
 Học phần: Xét nghiệm tế bào 2
 Lớp tín chỉ: CNCQKTXNYH8-1A1 -(17 sv)_700512702_2_2023-2024 1 Nhóm TH: 5
 Giảng viên: Hoàng Thị Thu An
 Giảng viên: Lê Văn Thu
 Sĩ số: 20","Thời gian:13h00 - 16h20
 Học phần: Xét nghiệm tế bào 2
 Lớp tín chỉ: CNCQKTXNYH8-1A1 -(17 sv)_700512702_2_2023-2024 1 Nhóm TH: 6
 Giảng viên: Hoàng Thị Thu An
 Giảng viên: Lê Văn Thu
 Sĩ số: 21","Thời gian:13h00 - 17h10
 Học phần: Xét nghiệm tế bào 2
 Lớp tín chỉ: CNVLVHKTXNYH5-1B1 -(60 sv)_700512702_2_2023-2024 1 Nhóm TH: 3
 Giảng viên: Hoàng Thị Thu An
 Giảng viên: Lê Văn Thu
 Sĩ số: 22","Thời gian:13h00 - 17h10
 Học phần: Xét nghiệm tế bào 2
 Lớp tín chỉ: CNVLVHKTXNYH5-1B1 -(60 sv)_700512702_2_2023-2024 1 Nhóm TH: 2
 Giảng viên: Ngô Văn Lăng
 Giảng viên: Hoàng Thị Thu An
 Sĩ số: 23",,,
,Tối,,,,,,"Thời gian:17h30 - 20h50
 Học phần: Xét nghiệm tế bào 2
 Lớp tín chỉ: CNVLVHKTXNYH5-1B1 -(60 sv)_700512702_2_2023-2024 1 Nhóm TH: 3
 Giảng viên: Hoàng Thị Thu An
 Giảng viên: Lê Văn Thu
 Sĩ số: 22","Thời gian:17h30 - 20h50
 Học phần: Xét nghiệm tế bào 2
 Lớp tín chỉ: CNVLVHKTXNYH5-1B1 -(60 sv)_700512702_2_2023-2024 1 Nhóm TH: 2
 Giảng viên: Ngô Văn Lăng
 Giảng viên: Hoàng Thị Thu An
 Sĩ số: 23",,,
HUPH B505,Sáng,"Thời gian:8h - 11h20
 Học phần: Y sinh học phân tử
 Lớp tín chỉ: CNCQKTXNYH8-1A1 -(17 sv)_700512802_2_2023-2024 1 Nhóm TH: 5
 Giảng viên: Nguyễn Thị Minh Huyền
 Giảng viên: Dương Hồng Quân
 Sĩ số: 20","Thời gian:8h - 11h20
 Học phần: Y sinh học phân tử
 Lớp tín chỉ: CNCQKTXNYH8-1A1 -(17 sv)_700512802_2_2023-2024 1 Nhóm TH: 6
 Giảng viên: Nguyễn Thị Minh Huyền
 Giảng viên: Dương Hồng Quân
 Sĩ số: 21","Thời gian:8h - 11h20
 Học phần: Y sinh học phân tử
 Lớp tín chỉ: CNCQKTXNYH8-1A1 -(17 sv)_700512802_2_2023-2024 1 Nhóm TH: 7
 Giảng viên: Nguyễn Thị Minh Huyền
 Giảng viên: Dương Hồng Quân
 Sĩ số: 20","Thời gian:8h - 11h20
 Học phần: Y sinh học phân tử
 Lớp tín chỉ: CNCQKTXNYH8-1A1 -(17 sv)_700512802_2_2023-2024 1 Nhóm TH: 8
 Giảng viên: Nguyễn Thị Minh Huyền
 Giảng viên: Dương Hồng Quân
 Sĩ số: 19","Thời gian:8h - 11h20
 Học phần: Y sinh học phân tử
 Lớp tín chỉ: CNCQKTXNYH8-1A1 -(17 sv)_700512802_2_2023-2024 1 Nhóm TH: 1
 Giảng viên: Nguyễn Thị Minh Huyền
 Giảng viên: Dương Hồng Quân
 Sĩ số: 22",,,,,
,Chiều,,,"Thời gian:13h00 - 16h20
 Học phần: Y sinh học phân tử
 Lớp tín chỉ: CNCQKTXNYH8-1A1 -(17 sv)_700512802_2_2023-2024 1 Nhóm TH: 2
 Giảng viên: Nguyễn Thị Minh Huyền
 Giảng viên: Dương Hồng Quân
 Sĩ số: 20","Thời gian:13h00 - 16h20
 Học phần: Y sinh học phân tử
 Lớp tín chỉ: CNCQKTXNYH8-1A1 -(17 sv)_700512802_2_2023-2024 1 Nhóm TH: 3
 Giảng viên: Nguyễn Thị Minh Huyền
 Giảng viên: Dương Hồng Quân
 Sĩ số: 20","Thời gian:13h00 - 16h20
 Học phần: Y sinh học phân tử
 Lớp tín chỉ: CNCQKTXNYH8-1A1 -(17 sv)_700512802_2_2023-2024 1 Nhóm TH: 4
 Giảng viên: Nguyễn Thị Minh Huyền
 Giảng viên: Dương Hồng Quân
 Sĩ số: 19",,,,,
,Tối,,,,,,,,,,
HUPH B510,Sáng,"Thời gian:8h - 11h20
 Học phần: Hóa sinh 3
 Lớp tín chỉ: CNCQKTXNYH8-1A1 -(17 sv)_700512202_2_2023-2024 1 Nhóm TH: 1
 Giảng viên: Nguyễn Huy Đông
 Giảng viên: Nguyễn Thị Kiều Oanh
 Sĩ số: 22","Thời gian:8h - 11h20
 Học phần: Hóa sinh 3
 Lớp tín chỉ: CNCQKTXNYH8-1A1 -(17 sv)_700512202_2_2023-2024 1 Nhóm TH: 2
 Giảng viên: Nguyễn Huy Đông
 Giảng viên: Nguyễn Thị Kiều Oanh
 Sĩ số: 21","Thời gian:8h - 11h20
 Học phần: Hóa sinh 3
 Lớp tín chỉ: CNCQKTXNYH8-1A1 -(17 sv)_700512202_2_2023-2024 1 Nhóm TH: 3
 Giảng viên: Nguyễn Thị Kiều Oanh
 Giảng viên: Nguyễn Thị Mỹ Lệ
 Sĩ số: 20","Thời gian:8h - 11h20
 Học phần: Hóa sinh 3
 Lớp tín chỉ: CNCQKTXNYH8-1A1 -(17 sv)_700512202_2_2023-2024 1 Nhóm TH: 4
 Giảng viên: Nguyễn Thị Kiều Oanh
 Giảng viên: Hà Thị Phương Dung
 Sĩ số: 19","Thời gian:8h - 11h20
 Học phần: Hóa sinh 3
 Lớp tín chỉ: CNCQKTXNYH8-1A1 -(17 sv)_700512202_2_2023-2024 1 Nhóm TH: 5
 Giảng viên: Nguyễn Huy Đông
 Giảng viên: Nguyễn Thị Kiều Oanh
 Sĩ số: 20",,,,,
,Chiều,,,"Thời gian:13h00 - 16h20
 Học phần: Hóa sinh 3
 Lớp tín chỉ: CNCQKTXNYH8-1A1 -(17 sv)_700512202_2_2023-2024 1 Nhóm TH: 6
 Giảng viên: Nguyễn Thị Kiều Oanh
 Giảng viên: Nguyễn Thị Mỹ Lệ
 Sĩ số: 21","Thời gian:13h00 - 16h20
 Học phần: Hóa sinh 3
 Lớp tín chỉ: CNCQKTXNYH8-1A1 -(17 sv)_700512202_2_2023-2024 1 Nhóm TH: 7
 Giảng viên: Nguyễn Huy Đông
 Giảng viên: Nguyễn Thị Kiều Oanh
 Sĩ số: 20","Thời gian:13h00 - 16h20
 Học phần: Hóa sinh 3
 Lớp tín chỉ: CNCQKTXNYH8-1A1 -(17 sv)_700512202_2_2023-2024 1 Nhóm TH: 8
 Giảng viên: Nguyễn Huy Đông
 Giảng viên: Nguyễn Thị Kiều Oanh
 Sĩ số: 19",,,,,
,Tối,,,,,,,,,,
HUPH B511,Sáng,"Thời gian:8h - 12h10
 Học phần: Kí sinh trùng 3
 Lớp tín chỉ: CNCQKTXNYH8-1A1 -(17 sv)_700512303_2_2023-2024 1 Nhóm TH: 6
 Giảng viên: Đỗ Thị Tuyết Chinh
 Giảng viên: Nguyễn Thị Hồng Phúc
 Sĩ số: 21","Thời gian:8h - 12h10
 Học phần: Kí sinh trùng 3
 Lớp tín chỉ: CNCQKTXNYH8-1A1 -(17 sv)_700512303_2_2023-2024 1 Nhóm TH: 7
 Giảng viên: Nguyễn Thị Linh Chi
 Giảng viên: Nguyễn Thị Hồng Phúc
 Sĩ số: 20","Thời gian:8h - 12h10
 Học phần: Kí sinh trùng 3
 Lớp tín chỉ: CNCQKTXNYH8-1A1 -(17 sv)_700512303_2_2023-2024 1 Nhóm TH: 8
 Giảng viên: Nguyễn Thị Hồng Phúc
 Giảng viên: Lê Thị Huệ
 Sĩ số: 19","Thời gian:8h - 12h10
 Học phần: Kí sinh trùng 3
 Lớp tín chỉ: CNCQKTXNYH8-1A1 -(17 sv)_700512303_2_2023-2024 1 Nhóm TH: 1
 Giảng viên: Nguyễn Thị Linh Chi
 Giảng viên: Lê Thị Huệ
 Sĩ số: 22","Thời gian:8h - 12h10
 Học phần: Kí sinh trùng 3
 Lớp tín chỉ: CNCQKTXNYH8-1A1 -(17 sv)_700512303_2_2023-2024 1 Nhóm TH: 2
 Giảng viên: Bùi Quang Tới
 Giảng viên: Nguyễn Thị Linh Chi
 Sĩ số: 20","Thời gian:8h - 12h10
 Học phần: Kí sinh trùng 3
 Lớp tín chỉ: CNVLVHKTXNYH5-1B1 -(60 sv)_700512303_2_2023-2024 1 Nhóm TH: 2
 Giảng viên: Lê Thị Huệ
 Giảng viên: Bùi Quang Tới
 Sĩ số: 25","Thời gian:8h - 12h10
 Học phần: Kí sinh trùng 3
 Lớp tín chỉ: CNVLVHKTXNYH5-1B1 -(60 sv)_700512303_2_2023-2024 1 Nhóm TH: 1
 Giảng viên: Lê Thị Huệ
 Giảng viên: Bùi Quang Tới
 Sĩ số: 22",,,
,Chiều,,,"Thời gian:13h00 - 17h10
 Học phần: Kí sinh trùng 3
 Lớp tín chỉ: CNCQKTXNYH8-1A1 -(17 sv)_700512303_2_2023-2024 1 Nhóm TH: 3
 Giảng viên: Nguyễn Thị Hồng Phúc
 Giảng viên: Lê Thị Huệ
 Sĩ số: 20","Thời gian:13h00 - 17h10
 Học phần: Kí sinh trùng 3
 Lớp tín chỉ: CNCQKTXNYH8-1A1 -(17 sv)_700512303_2_2023-2024 1 Nhóm TH: 4
 Giảng viên: Nguyễn Thị Linh Chi
 Giảng viên: Lê Thị Huệ
 Sĩ số: 19","Thời gian:13h00 - 17h10
 Học phần: Kí sinh trùng 3
 Lớp tín chỉ: CNCQKTXNYH8-1A1 -(17 sv)_700512303_2_2023-2024 1 Nhóm TH: 5
 Giảng viên: Nguyễn Thị Linh Chi
 Giảng viên: Bùi Quang Tới
 Sĩ số: 20","Thời gian:13h00 - 17h10
 Học phần: Kí sinh trùng 3
 Lớp tín chỉ: CNVLVHKTXNYH5-1B1 -(60 sv)_700512303_2_2023-2024 1 Nhóm TH: 2
 Giảng viên: Lê Thị Huệ
 Giảng viên: Bùi Quang Tới
 Sĩ số: 25","Thời gian:13h00 - 17h10
 Học phần: Kí sinh trùng 3
 Lớp tín chỉ: CNVLVHKTXNYH5-1B1 -(60 sv)_700512303_2_2023-2024 1 Nhóm TH: 1
 Giảng viên: Lê Thị Huệ
 Giảng viên: Bùi Quang Tới
 Sĩ số: 22",,,
,Tối,,,,,,"Thời gian:17h30 - 21h40
 Học phần: Kí sinh trùng 3
 Lớp tín chỉ: CNVLVHKTXNYH5-1B1 -(60 sv)_700512303_2_2023-2024 1 Nhóm TH: 2
 Giảng viên: Lê Thị Huệ
 Giảng viên: Bùi Quang Tới
 Sĩ số: 25","Thời gian:17h30 - 21h40
 Học phần: Kí sinh trùng 3
 Lớp tín chỉ: CNVLVHKTXNYH5-1B1 -(60 sv)_700512303_2_2023-2024 1 Nhóm TH: 1
 Giảng viên: Lê Thị Huệ
 Giảng viên: Bùi Quang Tới
 Sĩ số: 22",,,
HUPH_B601,Sáng,,,,,,,,,,
,Chiều,,,,,,,,,,
,Tối,,,,,,,,,,
"HUPH_B602
",Sáng,,,,,,,,,,
,Chiều,,,,,,,,,,
,Tối,,,,,,,,,,
HUPH _B604,Sáng,"Thời gian:8h - 12h10
 Học phần: Xét nghiệm An toàn thực phẩm
 Lớp tín chỉ: CNCQDD5-1A1 -(0 sv)_700313103_2_2023-2024 1 Nhóm TH: 2
 Giảng viên: Nguyễn Thị Thanh Mai
 Sĩ số: 26","Thời gian:8h - 12h10
 Học phần: Xét nghiệm An toàn thực phẩm
 Lớp tín chỉ: CNCQDD5-1A1 -(0 sv)_700313103_2_2023-2024 1 Nhóm TH: 1
 Giảng viên: Vũ Thị Cúc
 Sĩ số: 31","Thời gian:8h - 12h10
 Học phần: Xét nghiệm An toàn thực phẩm
 Lớp tín chỉ: CNCQDD5-1A1 -(0 sv)_700313103_2_2023-2024 1 Nhóm TH: 3
 Giảng viên: Nguyễn Thị Thanh Mai
 Sĩ số: 30",,,,"Thời gian:8h - 12h10
 Học phần: Xét nghiệm An toàn thực phẩm
 Lớp tín chỉ: CNVLVHDD2-1B -(60 sv)_700313103_2_2023-2024 1 Nhóm TH: 1
 Giảng viên: Nguyễn Thị Thanh Mai
 Sĩ số: 18",,,
,Chiều,,"Thời gian:13h00 - 17h10
 Học phần: Xét nghiệm An toàn thực phẩm
 Lớp tín chỉ: CNCQDD5-1A1 -(0 sv)_700313103_2_2023-2024 1 Nhóm TH: 2
 Giảng viên: Nguyễn Thị Thanh Mai
 Sĩ số: 26",,,,,"Thời gian:13h00 - 17h10
 Học phần: Xét nghiệm An toàn thực phẩm
 Lớp tín chỉ: CNVLVHDD2-1B -(60 sv)_700313103_2_2023-2024 1 Nhóm TH: 1
 Giảng viên: Vũ Thị Cúc
 Sĩ số: 18",,,
,Tối,,,,,,,"Thời gian:17h30
Học phần:Thi Xét nghiệm An toàn thực phẩm
Lớp:CNVLVHDD2-1B
Giảng viên: TTĐBCL&KT
Sĩ số:",,,
HUPH_B605,Sáng,,,,,,,,,,
,Chiều,,,,,,,,,,
,Tối,,,,,,,,,,
CKIYTCC43-1B2,Sáng,,,,,,"Thời gian:8h - 12h10
 Học phần: Thống kê y tế
 Lớp tín chỉ: CKIYTCC43-1B2_810110203_2_2023-2024 1
 Giảng viên: Lê Bích Ngọc
 Sĩ số: 24","Thời gian:8h - 12h10
 Học phần: Thống kê y tế
 Lớp tín chỉ: CKIYTCC43-1B2_810110203_2_2023-2024 1
 Giảng viên: Lê Bích Ngọc
 Sĩ số: 24",,,
,Chiều,,,,,,"Thời gian:13h00 - 17h10
 Học phần: Thống kê y tế
 Lớp tín chỉ: CKIYTCC43-1B2_810110203_2_2023-2024 1
 Giảng viên: Lê Bích Ngọc
 Sĩ số: 24","Thời gian:13h00 - 17h10
 Học phần: Thống kê y tế
 Lớp tín chỉ: CKIYTCC43-1B2_810110203_2_2023-2024 1
 Giảng viên: Lê Bích Ngọc
 Sĩ số: 24",,,
,Tối,,,,,"Thời gian:17h30 - 21h40
 Học phần: Thống kê y tế
 Lớp tín chỉ: CKIYTCC43-1B2_810110203_2_2023-2024 1
 Giảng viên: Lê Bích Ngọc
 Sĩ số: 24","Thời gian:17h30 - 21h40
 Học phần: Thống kê y tế
 Lớp tín chỉ: CKIYTCC43-1B2_810110203_2_2023-2024 1
 Giảng viên: Lê Bích Ngọc
 Sĩ số: 24",,,,
CKIITCQLYT9-1B2,Sáng,,,,,,,,,,
,Chiều,,,,,,,,,,
,Tối,,,,,,,,,,
CKIITCQLYT9-1B3,Sáng,,,,,,,,,,
,Chiều,,,,,,,,,,
,Tối,,,,,,,,,,
CKIITCQLYT9-1B4,Sáng,,,,,,,,,,
,Chiều,,,,,,,,,,
,Tối,,,,,,,,,,
CKIITCQLYT9-1B5,Sáng,,,,,,,,,,
,Chiều,,,,,,,,,,
,Tối,,,,,,,,,,
CKIITCQLYT9-1B6,Sáng,,,,,,,,,,
,Chiều,,,,,,,,,,
,Tối,,,,,,,,,,
CNVLVHYTCC16-1B3,Sáng,,,,,,,,,,
,Chiều,,,,,,,,,,
,Tối,,,,,,,,,,
CNVLVHYTCC16-1B4,Sáng,,,,,,,,,,
,Chiều,,,,,,,,,,
,Tối,,,,,,,,,,
CNVLVHYTCC17-1B2,Sáng,,,,,,,,,,
,Chiều,,,,,,,,,,
,Tối,,,,,,,,,,
CNVLVHYTCC17-1B3,Sáng,,,,,,,,,,
,Chiều,,,,,,,,,,
,Tối,,,,,,,,,,
CNVLVHYTCC17-1B4,Sáng,,,,,,,,,,
,Chiều,,,,,,,,,,
,Tối,,,,,,,,,,
CNVLVHYTCC17-1B5,Sáng,,,,,,,,,,
,Chiều,,,,,,,,,,
,Tối,,,,,,,,,,
CNVLVHYTCC17-5B,Sáng,,,,,,,,,,
,Chiều,,,,,,,,,,
,Tối,,,,,,,,,,
CNVLVHYTCC18-1B2,Sáng,,,,,,,"Thời gian:8h - 10h30
 Học phần: Quản lý thông tin y tế và Phân loại quốc tế bệnh tật và tử vong
 Lớp tín chỉ: CNVLVHYTCC18-1B2 -(60 sv)_700112202_2_2023-2024 1
 Giảng viên: Nguyễn Hằng Nguyệt Vân
 Sĩ số: 57
-------------
Thời gian:10h30
Học phần:Thi Sức khoẻ nghề nghiệp cơ bản
Lớp:CNVLVHYTCC18-1B2
Giảng viên: TTĐBCL&KT
Sĩ số:",,,
,Chiều,,,,,,,"Thời gian:13h00 - 17h10
 Học phần: Quản lý thông tin y tế và Phân loại quốc tế bệnh tật và tử vong
 Lớp tín chỉ: CNVLVHYTCC18-1B2 -(60 sv)_700112202_2_2023-2024 1
 Giảng viên: Nguyễn Hằng Nguyệt Vân
 Sĩ số: 57",,,
,Tối,,,,,,,"Thời gian:17h30 - 21h40
 Học phần: Quản lý thông tin y tế và Phân loại quốc tế bệnh tật và tử vong
 Lớp tín chỉ: CNVLVHYTCC18-1B2 -(60 sv)_700112202_2_2023-2024 1
 Giảng viên: Nguyễn Hằng Nguyệt Vân
 Sĩ số: 57",,,
CNVLVHYTCC18-1B3,Sáng,,,,,,,,,,
,Chiều,,,,,,,,,,
,Tối,,,,,,,,,,
CNVLVHYTCC18-1B4,Sáng,,,,,,,,,,
,Chiều,,,,,,,,,,
,Tối,,,,,,,,,,
CNVLVHYTCC18-5B,Sáng,,,,,,,,,,
,Chiều,,,,,,,,,,
,Tối,,,,,,,,,,
CNVLVHYTCC19-1B2,Sáng,,,,,,,,,,
,Chiều,,,,,,,,,,
,Tối,,,,,,,,,,
CNVLVHYTCC19-1B3,Sáng,,,,,,,,,,
,Chiều,,,,,,,,,,
,Tối,,,,,,,,,,
CNVLVHYTCC19-1B4,Sáng,,,,,,,,,,
,Chiều,,,,,,,,,,
,Tối,,,,,,,,,,
CNVLVHYTCC19-5B,Sáng,,,,,,"Thời gian:8h00
Học phần:Thi Tâm lý học sức khỏe
Lớp:CNVLVHYTCC19-5B
Giảng viên: TTĐBCL&KT
Sĩ số:
-----------
Thời gian:9h30
Học phần:Thi Tổ chức và quản lý hệ thống y tế
Lớp:CNVLVHYTCC19-5B
Giảng viên: TTĐBCL&KT
Sĩ số:",,,,
,Chiều,,,,,,"Thời gian:14h00
Học phần:Thi Triết học Mác - Lênin
Lớp:CNVLVHYTCC19-5B
Giảng viên: TTĐBCL&KT
Sĩ số:",,,,
,Tối,,,,,,,,,,
Viện Huyết học truyền máu Trung ương,Sáng,,,,,,,,,,
,Chiều,,,,,,,,,,
,Tối,,,,,,,,,,